e, e_dot, e_int, stamp, 
-0.03332600436084369, 6.6924413696008616e-09, -0.00666520118730556, 43249000000, 
-0.0333260105732624, -1.1643662631288798e-08, -0.00666520146761798, 43351000000, 
-0.03332601519644259, -3.6118663014154485e-08, -0.006665202008703245, 43453000000, 
-0.03345582053256182, -0.00043269986433139746, -0.006673856420151121, 43521000000, 
-0.032669049162482804, 0.0021898867798659607, -0.0066300589927658134, 43623000000, 
-0.03162905325849095, 0.006089224246902901, -0.006516928196902372, 43691000000, 
-0.029801078892906, 0.009559900898589343, -0.0062732787542586505, 43793000000, 
-0.0280543137778807, 0.011915798268700822, -0.00596562972861851, 43895000000, 
-0.026297629723689896, 0.011678163897387017, -0.005610201492965107, 43997000000, 
-0.025278537594156547, 0.009252587279080515, -0.005308698739715143, 44065000000, 
-0.024054846749138284, 0.007475943248505372, -0.005042067604465648, 44167000000, 
-0.023471156469360203, 0.006024603749321146, -0.004853636054177002, 44235000000, 
-0.02285434669399882, 0.004001666850464876, -0.004692023327499821, 44337000000, 
-0.02236925709285126, 0.0036729979216964734, -0.004579650683747352, 44439000000, 
-0.021854488720195898, 0.003332859912676412, -0.004471872833803066, 44541000000, 
-0.02153391315785211, 0.0027844797833304993, -0.004383843931393285, 44609000000, 
-0.02104851446689924, 0.0026865808443221964, -0.004295794422996483, 44711000000, 
-0.02053881817417311, 0.0033169832789300044, -0.004208083053261631, 44813000000, 
-0.02023955298794863, 0.0026965382631686957, -0.004121792375268066, 44881000000, 
-0.01985781875573563, 0.002269998061458269, -0.004042412661190491, 44983000000, 
-0.019538588652505802, 0.002336547784809427, -0.003975730693079337, 45085000000, 
-0.019349560009079017, 0.0016941958221887085, -0.003916397827821364, 45187000000, 
-0.019334502660701643, 0.0006802866393471977, -0.0038815100881524306, 45289000000, 
-0.019394621407350647, -0.00015020466090543325, -0.003871912271808754, 45357000000, 
-0.019521514279665246, -0.0006233720632120113, -0.0038833758898478357, 45425000000, 
0.01885176940745522, 0.12748796938268622, -0.0013376244186373782, 45527000000, 
0.021101272661538842, 0.13540928980401362, 0.001362101852621921, 45629000000, 
0.0226987791415705, 0.012823365780384269, 0.004176788080704304, 45697000000, 
0.025257525095757533, 0.013854174780728971, 0.004603838459924459, 45799000000, 
0.025996889997269543, 0.010993702852330143, 0.0049302129489731715, 45901000000, 
0.01618192816975464, -0.030251989753342978, 0.004495756217518782, 46003000000, 
0.009045722241166634, -0.056503892520343026, 0.0034149693605460543, 46071000000, 
0.007352571237064495, -0.029431189775633814, 0.0021720147765323847, 46173000000, 
0.004307390648487159, -0.015794438642264916, 0.0013803789417812194, 46275000000, 
0.0019103309074608808, -0.018140801098678716, 0.0009046861862008357, 46377000000, 
0.003198350578089721, -0.0036968002346581277, 0.000627738142269184, 46479000000, 
0.0055629914547928525, 0.01217553515777324, 0.0007114448626895637, 46547000000, 
0.006568915322618919, 0.011235215815097328, 0.0010220171570334328, 46649000000, 
0.007400215469378153, 0.006124080048617667, 0.0013021414831193283, 46751000000, 
0.008663370368914854, 0.006981516820986448, 0.0015088334107274616, 46853000000, 
0.008655609978443744, 0.004184648363551972, 0.00164794638778245, 46921000000, 
0.007878847402687215, -0.0026150765540921294, 0.0016798551833363876, 47023000000, 
0.007172962881936317, -0.00494215698835809, 0.001580494684204485, 47125000000, 
0.006698927327746362, -0.00393306691646951, 0.0014500491741579928, 47227000000, 
0.006297340066942448, -0.002918742716646229, 0.0013446153517750086, 47295000000, 
0.005934751893501629, -0.0025472514474824425, 0.0012620679525460292, 47397000000, 
0.006091230865197602, -0.0006870306724828199, 0.0012215548550427787, 47499000000, 
0.012458975923462595, 0.02174741343320322, 0.0016323305788107886, 47567000000, 
0.012533385450679243, 0.021473848618272135, 0.0020722394826226294, 47669000000, 
0.012622137113538563, 0.0005438706335865578, 0.002507633232512027, 47771000000, 
0.01270883543527325, 0.0005848332819800214, 0.0025242905332994036, 47839000000, 
0.012715558851296339, 0.00031140579252592174, 0.0025364354266738764, 47941000000, 
0.01071223543799402, -0.0066553333242640985, 0.0024091086483042402, 48043000000, 
0.00960897348014143, -0.010355284570516364, 0.002202451184628786, 48111000000, 
0.008930222246452213, -0.005940043971806024, 0.001950095410972511, 48213000000, 
0.008103199258984848, -0.005019247403855274, 0.0017761596657052325, 48315000000, 
0.00742718239449863, -0.005010132839845275, 0.0016307069266623792, 48417000000, 
0.007402435068050097, -0.0023358806364491675, 0.0015288544481022385, 48519000000, 
0.007609270238739535, 0.0006069594808030156, 0.0014959258467525508, 48587000000, 
0.0075601771159616825, 0.0005258068263719502, 0.0015047921615167542, 48689000000, 
0.007562071909869707, -0.00015732776289942413, 0.0015154346176380618, 48757000000, 
0.0077007453535947665, 0.00046856079211027996, 0.0015215329586284105, 48859000000, 
0.007650620808838308, 0.0002951629965620029, 0.0015275625381535188, 48961000000, 
0.007498401265293187, -0.000674480294338599, 0.0015233178285150842, 49029000000, 
0.007361675993035838, -0.0009631493860082335, 0.0015007132044778221, 49131000000, 
0.007317582372054919, -0.0006027296441275578, 0.001478510642025596, 49199000000, 
0.007206655868167262, -0.0005167337495619201, 0.001459060948883868, 49301000000, 
0.00717593059547328, -0.0004721725886054657, 0.0014466779223796973, 49403000000, 
0.007280558801912704, 0.00024634311248480635, 0.0014442096843702164, 49505000000, 
0.002914552390051721, -0.014204594018071863, 0.001158069452495847, 49573000000, 
0.002413777622340236, -0.016222603931908226, 0.0008405925876203107, 49675000000, 
0.0019055427283581677, -0.003363365538978511, 0.0004822581827166749, 49777000000, 
0.0015596667071878642, -0.0028470363838412394, 0.00039193247052575123, 49845000000, 
0.0009678087088042494, -0.003125780065179728, 0.00029553454295668544, 49947000000, 
0.0014222223718580956, -0.00045814778443256193, 0.00026331318585668057, 50015000000, 
0.0019148983439584558, 0.0031569654505140213, 0.00028699529497472006, 50083000000, 
0.0023331455849550276, 0.003036410710323106, 0.00037801775338477196, 50185000000, 
0.002464329363955005, 0.0018314367333218302, 0.0004474915528578992, 50253000000, 
0.002629995868709629, 0.0009895009458486712, 0.0004951647211746441, 50355000000, 
0.0026068882440561615, 0.00047519626700385516, 0.0005134142317813864, 50457000000, 
0.002361426682860059, -0.0008952306194985662, 0.0005065540530417233, 50559000000, 
0.0021776000142754077, -0.001430960765935846, 0.0004763943294127752, 50627000000, 
0.0019837024928472304, -0.0012590806333760956, 0.00043484861266551315, 50729000000, 
0.0018176765115111918, -0.0011997450092140532, 0.00039859860124225526, 50831000000, 
0.0016965383448997767, -0.0009572138264915122, 0.0003665278232838799, 50933000000, 
0.0017039460304366517, -0.00037910160358180017, 0.000347877392456508, 51001000000, 
0.0017242327869820412, 9.231480694088148e-05, 0.00034164781082123127, 51103000000, 
0.0017627292946860735, 0.0001959442141647393, 0.00034606054080698446, 51205000000, 
0.0018044773605904322, 0.0002674819120279699, 0.0003527626294839031, 51273000000, 
0.0018670854085685233, 0.00034785371294149937, 0.0003622861375896686, 51375000000, 
0.0019111349044451356, 0.0003555251461823449, 0.0003721798449069394, 51477000000, 
-0.0009670665740888578, -0.009447173275524601, 0.0001874102492616534, 51545000000, 
-0.00116504909588279, -0.010253946667759752, -1.473205103510081e-05, 51647000000, 
-0.00130627321430698, -0.0011306888007270744, -0.00022922592561857522, 51715000000, 
-0.0015405657573344545, -0.0012517222048388816, -0.00026745920450161497, 51817000000, 
-0.0016387526938055528, -0.001108264931661909, -0.0002990394443631325, 51919000000, 
-0.0009309940185937041, 0.0020319057958025012, -0.00027402083131558075, 52021000000, 
-0.0005024793814724451, 0.0037875777077770252, -0.00020481507292478013, 52089000000, 
-0.00042399840626496706, 0.0016899853744291235, -0.00012383145375540776, 52191000000, 
-0.0002559865455734377, 0.0008216427863300247, -7.883095555405666e-05, 52293000000, 
-0.00010854014960678471, 0.001051527522193941, -5.2568340096345965e-05, 52361000000, 
-0.00019696556004886114, 0.0001967366184152552, -3.743281701527224e-05, 52463000000, 
-0.0003841001719688821, -0.000918533407873658, -4.59737254416352e-05, 52565000000, 
-0.0004163153315856693, -0.0007311659051226939, -6.649207090689417e-05, 52633000000, 
-0.0004763850521421365, -0.0003076162672441812, -8.512003704644587e-05, 52735000000, 
-0.0005592045249508965, -0.00047629731121742416, -9.679366057858015e-05, 52837000000, 
-0.0005700586406226728, -0.0003122452949351209, -0.00010704321451438039, 52905000000, 
-0.0005148945708711214, 0.0001476998469325837, -0.00010961051576297938, 53007000000, 
-0.0004976042147540241, 0.0002415147528954954, -0.00010550382841652122, 53075000000, 
-0.0004718248292117273, 0.00014356580553131376, -9.895490765579152e-05, 53177000000, 
-0.0004280819505723068, 0.00023174088060572444, -9.316739963587055e-05, 53279000000, 
-0.0004021437513605652, 0.0002322702595038736, -8.680336874297329e-05, 53381000000, 
-0.00041327377292999033, 4.936059214105497e-05, -8.289996499085749e-05, 53449000000, 
-0.5936631696142395, -1.977536752876263, -0.03963190580923534, 53551000000, 
-0.6044340639339871, -2.0134026338701903, -0.07990070048807711, 53619000000, 
-0.6212603838005577, -0.09199071395439407, -0.12129050782325229, 53721000000, 
-0.6389171801703382, -0.11494372078783677, -0.12430744186032554, 53823000000, 
-0.6511657640829394, -0.09968460094127218, -0.12742288853692235, 53891000000, 
-0.5838246752202683, 0.18364168316689966, -0.12492717463156972, 53993000000, 
-0.47654097666992123, 0.5820826247100604, -0.11410209439820858, 54061000000, 
-0.39860872775051936, 0.6173864915658297, -0.09726495864271391, 54163000000, 
-0.3646013401663936, 0.3731321216784254, -0.08265006963912229, 54231000000, 
-0.3156523880674906, 0.2765211322767626, -0.07192416373229357, 54333000000, 
-0.2899387837794443, 0.24887518795649766, -0.06467950080088856, 54435000000, 
-0.2925028863013306, 0.07716500588719995, -0.05987293720988437, 54503000000, 
-0.3051702485428069, -0.05077154921120856, -0.05917412790823878, 54605000000, 
-0.3079055194310319, -0.05134211043233768, -0.06037191028501129, 54707000000, 
-0.310950199773441, -0.019266504102113762, -0.06160173118315198, 54775000000, 
-0.3119227218767436, -0.013390674819038958, -0.0620518960720811, 54877000000, 
-0.3018418303549435, 0.030361231394991733, -0.06164765013367521, 54979000000, 
-0.2843673781794239, 0.09185114565773218, -0.05987546202740739, 55081000000, 
-0.27336377891863306, 0.09492683812103479, -0.05730486583020003, 55149000000, 
-0.2591135760766454, 0.084179340342595, -0.054456315544980156, 55251000000, 
-0.24527211714785702, 0.09363887256925348, -0.05184996480954237, 55353000000, 
-0.23855515182497156, 0.06852808083891289, -0.04952938966996493, 55421000000, 
-0.23331383814090478, 0.03986093002317411, -0.047809407140915555, 55523000000, 
-0.22929473578730075, 0.030868053458902683, -0.04674424838354514, 55625000000, 
-0.22685855042772052, 0.02151762571061422, -0.045964474957061734, 55727000000, 
-0.22693778346783078, 0.007856507731566579, -0.04553940464552347, 55795000000, 
-0.14057427793466604, 0.28761424164351496, -0.039624707455347824, 55897000000, 
-0.12600599041302518, 0.3364393101826853, -0.03290120345436813, 55999000000, 
-0.11607448164578571, 0.08166598762960109, -0.025510316666231794, 56067000000, 
-0.10076147234148203, 0.08414839357181052, -0.022856129626686195, 56169000000, 
-0.09159813562865127, 0.0815878200571148, -0.020562272641061266, 56271000000, 
-0.10606495205663768, -0.01767826571718552, -0.0198949706684514, 56339000000, 
-0.11473665166955682, -0.07712838680301852, -0.020826649290323053, 56441000000, 
-0.10709493308386175, -0.0034332700907468983, -0.021859769120670416, 56509000000, 
-0.10806382642390344, 0.0222427508188446, -0.021993027411821468, 56611000000, 
-0.10787035741438677, -0.002584747768416736, -0.021535274461476798, 56713000000, 
-0.0993598927533248, 0.02901311223526215, -0.021019605106107668, 56815000000, 
-0.09010099063146304, 0.05923122260974578, -0.019822082719944973, 56883000000, 
-0.08448673994399714, 0.049577176031092206, -0.018263174888585663, 56985000000, 
-0.07913183196982498, 0.036563862205460186, -0.01691463750301901, 57087000000, 
-0.07256151759811891, 0.03975074115292743, -0.01574533930079607, 57189000000, 
-0.07059823437916368, 0.02844532530220434, -0.014819438929807171, 57257000000, 
-0.06922423102514641, 0.011124288576574992, -0.014158932200161933, 57359000000, 
-0.06755306879111456, 0.010150551960163753, -0.01382503561302831, 57461000000, 
-0.06567359946257834, 0.01183543854189358, -0.013496726618589286, 57563000000, 
-0.06491946645325608, 0.008778674459528254, -0.013209742313796598, 57631000000, 
-0.06304056398831337, 0.008776784914216554, -0.01290890866027652, 57733000000, 
-0.06035743127966142, 0.015206783911982194, -0.012554497448082057, 57835000000, 
-0.05790402543584672, 0.017121795174888838, -0.012086801380254766, 57937000000, 
-0.05573893622123005, 0.01539498352810457, -0.011600026195782546, 58039000000, 
-0.05425359929210294, 0.012168087145812597, -0.011193104063278647, 58107000000, 
-0.0522818974092879, 0.011523462706473827, -0.010818295528174727, 58209000000, 
-0.05100640005681478, 0.01082399745096052, -0.010502793117213707, 58311000000, 
-0.05010385075627999, 0.007260155510026382, -0.010226143214825512, 58413000000, 
-0.04958931184225257, 0.00472362738187404, -0.010046637510356489, 58481000000, 
-0.048850570573698016, 0.004177600608606576, -0.009902915544815372, 58583000000, 
-0.04844167094086582, 0.003825469671289161, -0.009792103557121094, 58685000000, 
0.49736094552369386, 1.8207050536579732, 0.026671246933942003, 58753000000, 
0.5178272221159534, 1.8875629768560642, 0.06444976644658544, 58855000000, 
0.5395229468288306, 0.14054000435045585, 0.10364740763123187, 58957000000, 
0.562425325155659, 0.14866034346568524, 0.10798503294002954, 59059000000, 
0.5794193326002347, 0.13298795257134696, 0.11209117363898162, 59161000000, 
0.5495821438490732, -0.042810604355285976, 0.11276178677366444, 59229000000, 
0.5215385572983394, -0.19293591767298426, 0.11003600224984315, 59331000000, 
0.4911450096633697, -0.19479044728567838, 0.10415104738738548, 59433000000, 
0.4592488884772683, -0.2076322294035704, 0.0981288303625985, 59535000000, 
0.4385813045554787, -0.17521235035963664, 0.09259834684640778, 59603000000, 
0.41551319585931334, -0.14578564205984987, 0.08755622592613736, 59705000000, 
0.40327437020105183, -0.11768978118142297, 0.08382459137438959, 59807000000, 
0.39343420464308654, -0.07359663738742268, 0.08081478471356345, 59909000000, 
0.38916985074703525, -0.047015064846721945, 0.07905856170607824, 59977000000, 
0.3819325939083539, -0.038338702449108863, 0.07763577661989837, 60079000000, 
0.3756486964338583, -0.045070514377256544, 0.0764500760726165, 60181000000, 
0.3692879931982165, -0.04214866903379133, 0.07512461890269524, 60283000000, 
0.36390455202804445, -0.03914714801937946, 0.07392274944400795, 60351000000, 
0.35619454547906504, -0.0436448257305048, 0.07262580604702172, 60453000000, 
0.3497888664913, -0.04705228512248157, 0.07132586426656064, 60555000000, 
0.3456217700124949, -0.035242584888567165, 0.07010701213219066, 60657000000, 
0.34354469247186237, -0.020813913398125366, 0.06926368859837714, 60759000000, 
0.3434400824480767, -0.007272291881393889, 0.06884043632882893, 60827000000, 
0.3463502304313594, 0.009351793198323355, 0.06888900035675324, 60929000000, 
0.26979019177361624, -0.24549963558153495, 0.06397203364353682, 61031000000, 
0.25113381424631753, -0.31738805395013947, 0.05781828243008621, 61133000000, 
0.2377862848684595, -0.10667968968385576, 0.05058068605922622, 61201000000, 
0.21683143991444792, -0.11434124777289871, 0.047050102601948335, 61303000000, 
0.19414006325952438, -0.14548740536311713, 0.04325051920282878, 61405000000, 
0.19569211563181466, -0.07046441427544421, 0.040444241253719135, 61507000000, 
0.19910820598120668, 0.01656047573894102, 0.03926269232483638, 61609000000, 
0.19274076907193266, -0.009837821866273319, 0.0391694060456636, 61677000000, 
0.19120230464219778, -0.02635300446336299, 0.038870085313022475, 61779000000, 
0.1923076854290814, -0.0014436121428375766, 0.03841671727621412, 61881000000, 
0.1892518883238093, -0.006501387727961642, 0.03818412522633923, 61949000000, 
0.18054825261216423, -0.039198109389723866, 0.03747385509100366, 62051000000, 
0.17479260568237504, -0.048197608804780856, 0.036306183107889904, 62153000000, 
0.16967894879118672, -0.03623101273659168, 0.035001320472381726, 62255000000, 
0.16499125959868907, -0.03267115361228654, 0.03396418760481672, 62323000000, 
0.15961003904011076, -0.033563032503586554, 0.032952016495332435, 62425000000, 
0.1573643787318481, -0.02542293622280321, 0.032131045158043194, 62527000000, 
0.1563886135571498, -0.010738084943203163, 0.031557535421940584, 62629000000, 
0.15578859910129753, -0.005252598768501944, 0.031302772759353024, 62697000000, 
0.1559194419525328, -0.0015639053487233785, 0.03120644364073201, 62799000000, 
0.15761276338805472, 0.0060805476225239685, 0.031288053629459, 62901000000, 
0.1602513735993542, 0.014439772156071376, 0.031585571929329447, 63003000000, 
0.0005599813363462436, -0.5235092735056949, 0.02122827455491701, 63071000000, 
-0.012700503218035925, -0.576506256057967, 0.009874056781177636, 63173000000, 
-0.02678962186702781, -0.09116534401124683, -0.002595342916581166, 63275000000, 
-0.042149697684918636, -0.0981639815562757, -0.005442654851332158, 63377000000, 
-0.04423658002496551, -0.058156527193125675, -0.00754505997179413, 63445000000, 
-0.007863797613838042, 0.11428633357026863, -0.006283338354914812, 63547000000, 
0.02612125111460816, 0.23452610379857888, -0.001731941768279693, 63649000000, 
0.03273474219399987, 0.13532846602612636, 0.003399479712984666, 63751000000, 
0.037800213247594326, 0.03892987377662055, 0.006443747103746823, 63819000000, 
0.04521352556237697, 0.041595944561257, 0.007716565400264744, 63921000000, 
0.03796758599080363, 0.0005579091440310185, 0.008065421653384995, 64023000000, 
0.022192125514076524, -0.07673800016100148, 0.007024882471150475, 64125000000, 
0.013191374232614489, -0.08258737252729714, 0.004890072382499643, 64227000000, 
0.011572600554898907, -0.03539841653059206, 0.0031304066867726614, 64295000000, 
0.005743092691447557, -0.024827605137223107, 0.002033804498597397, 64397000000, 
0.0038990617746701567, -0.025578462600762502, 0.001414317001401108, 64499000000, 
0.00804809539479566, 0.007683342344493675, 0.0011793499907275583, 64601000000, 
0.012636149227569574, 0.029123624842998058, 0.0016388870931356926, 64703000000, 
0.013458030074891908, 0.018033115600320827, 0.0022761516464838093, 64771000000, 
0.01580715825282529, 0.010570030084185722, 0.0027934225036857848, 64873000000, 
0.01830431951689615, 0.01615429814001414, 0.003171300522974223, 64975000000, 
-0.04357019067062619, -0.19792449641150492, -0.0006305808600603165, 65077000000, 
-0.04692553059270484, -0.21743283369866995, -0.004812760116428992, 65145000000, 
-0.05067212070059253, -0.023673100099887805, -0.00941118946426157, 65247000000, 
-0.05461498994530688, -0.025631531175340134, -0.010147509415906949, 65349000000, 
-0.05788128222887183, -0.02403053842759767, -0.010877892858318083, 65417000000, 
-0.04492522505917712, 0.03229921628709919, -0.010494766482223722, 65519000000, 
-0.03203694812326641, 0.08614778035201809, -0.00898956369408769, 65621000000, 
-0.028993635760365375, 0.05310529766270582, -0.00706372059618726, 65723000000, 
-0.026085495096973194, 0.01983817675431071, -0.005807738598706998, 65791000000, 
-0.021256844648692205, 0.025789303705577235, -0.0050890650337353845, 65893000000, 
-0.021696984209106394, 0.014628369626222664, -0.004602621596984787, 65961000000, 
-0.025407274761013076, -0.013834767041069571, -0.0045574069079207784, 66063000000, 
-0.02710125648488277, -0.018014240919254586, -0.004947034363666815, 66165000000, 
-0.02758879754511801, -0.0072717426136831185, -0.005339821919400924, 66267000000, 
-0.028983862048923004, -0.0062753518801341125, -0.005578261071928253, 66335000000, 
-0.02935372793994445, -0.005883101316088134, -0.005728425835599031, 66437000000, 
-0.02790746510810164, 0.0035879898027378738, -0.00574967033979794, 66539000000, 
-0.02672990708634489, 0.008746069511998538, -0.005599406675626066, 66607000000, 
-0.025989054364201576, 0.006394702479666885, -0.005375095103909874, 66709000000, 
-0.025162815483717037, 0.005223638675426179, -0.005192118462284234, 66811000000, 
-0.024634335427707512, 0.004515729788313547, -0.005052413685041742, 66879000000, 
-0.0248085417821058, 0.001180912338704122, -0.004973712846235356, 66981000000, 
-0.02229272271346682, 0.007805375714135636, -0.004782373328218676, 67083000000, 
-0.021173915037664175, 0.012115422481472083, -0.004551678635549119, 67185000000, 
-0.02042852088483109, 0.006214006095452441, -0.004259677242397472, 67253000000, 
-0.019310951602505403, 0.006209878117195908, -0.004060892501666711, 67355000000, 
-0.018071869396250773, 0.007855504961934387, -0.003854089458905817, 67457000000, 
-0.017706976935685053, 0.0053465822227345, -0.003672653195629415, 67525000000, 
-0.01730157999986738, 0.0025676313212779724, -0.0035386950887868807, 67627000000, 
-0.016616238174182042, 0.0036357958716767024, -0.003441653007315632, 67729000000, 
-0.01610272214678482, 0.003996192843608535, -0.003334702688055616, 67831000000, 
-0.01594870772514307, 0.002225101496796574, -0.0032445112030739954, 67899000000, 
-0.015487929688938966, 0.002049308192819515, -0.0031692906373911238, 68001000000, 
-0.015096970894340478, 0.0028391227693419737, -0.003102240553894834, 68069000000, 
-0.01470611408680595, 0.002606052007110051, -0.003019400978005693, 68171000000, 
-0.014374867087023156, 0.002407012691057741, -0.002945196804544639, 68273000000, 
-0.014083943025274045, 0.002073903538439686, -0.002877661613273543, 68341000000, 
-0.013758598662150782, 0.00205422808290791, -0.002814493918296532, 68443000000, 
-0.013556676695867733, 0.0017575544313543714, -0.002759947892219504, 68545000000, 
-0.013416647553062423, 0.001139837030294533, -0.0027154615274053956, 68647000000, 
-0.013369640992970113, 0.0006234523429920688, -0.0026895310161266844, 68715000000, 
-0.013375625126695326, 0.0001367414212236536, -0.002677460911515191, 68817000000, 
-0.013506744987051338, -0.00045701331360408284, -0.0026834674071144517, 68919000000, 
-0.0137642312031113, -0.0012953535880532465, -0.002709773421123864, 69021000000, 
-0.0007592879384134563, 0.0424915234954596, -0.0018686842752384063, 69123000000, 
-2.5089744790279637e-05, 0.0457971381944034, -0.0009699072590876691, 69191000000, 
0.0011443326683440178, 0.006345402022524913, 2.3996999009352123e-05, 69293000000, 
0.002415257348051752, 0.00813449030947344, 0.000235633351440366, 69395000000, 
0.0033459828607165076, 0.007338833974574965, 0.00046037152514081847, 69463000000, 
0.0006745214559955052, -0.005802452973520822, 0.00042905077765091767, 69565000000, 
-0.0015731503521938034, -0.016397110709701037, 0.00016315693096788063, 69667000000, 
-0.001308576481853111, -0.006610326459495387, -0.00014714702520342727, 69735000000, 
-0.002266102850480288, -0.0023098416609549487, -0.00034318864563514677, 69837000000, 
-0.0030118435620401763, -0.005677556933956884, -0.0004391015262915717, 69939000000, 
-0.0025976847722151914, -0.0011052730724496777, -0.0005250420789823769, 70041000000, 
-0.0017719948651052529, 0.004132828989783077, -0.0004921015466240414, 70109000000, 
-0.0015219640414988163, 0.0035857357690545835, -0.00039277624525461735, 70211000000, 
-0.0012987368718557837, 0.001577526644164897, -0.00030617971856399017, 70313000000, 
-0.0007903262167048859, 0.0024387927493131015, -0.00024073514200396572, 70415000000, 
-0.0006271554962317067, 0.0022386045854135904, -0.00018108123898615843, 70517000000, 
-0.0008193626453211582, -9.678809538757442e-05, -0.00014912295721718338, 70585000000, 
-0.0009267422816238513, -0.0009986226179738156, -0.00015821736154511442, 70687000000, 
-0.0009781030615723012, -0.0005291347208371435, -0.00018161386590115404, 70789000000, 
-0.0011054684217786694, -0.0005957538005160601, -0.0002006875843316548, 70857000000, 
-0.0012671959599964335, -0.0009636429947471077, -0.00022338449622316027, 70959000000, 
0.003460182346033221, 0.015218835892706303, 7.250119761720789e-05, 71061000000, 
0.0036601316936738988, 0.01642442551223444, 0.00039020787198071246, 71129000000, 
0.0039049070480386984, 0.0014824156733515908, 0.0007350147391830546, 71231000000, 
0.004193025994896763, 0.001776314337409546, 0.000783870982440624, 71333000000, 
0.004425281102297232, 0.0017345801808617784, 0.0008348809430155128, 71401000000, 
0.003287680107500644, -0.003017819624653728, 0.0007937324803129759, 71503000000, 
0.0023078557816035693, -0.007058084402312208, 0.0006680544660934297, 71605000000, 
0.002346769737469186, -0.003136367900104861, 0.00052948704177156, 71673000000, 
0.0019041631834251088, -0.0013456419939282017, 0.00043725258016652426, 71775000000, 
0.001537073379367402, -0.0026989878603392793, 0.0003858670866841131, 71877000000, 
0.00160772898154441, -0.0009881140062689957, 0.0003365977029557947, 71945000000, 
0.0019288010993974748, 0.0013057590667669091, 0.00033824023068728575, 72047000000, 
0.001933224245958889, 0.0010849842147149296, 0.0003646502884600516, 72115000000, 
0.001980658589441312, 0.00017285830014612366, 0.0003895122623198451, 72217000000, 
0.0021254481991231553, 0.0006407465105475544, 0.00040262206896822376, 72319000000, 
0.0021313921357319476, 0.000502445154302119, 0.00041583326161976096, 72421000000, 
0.002012240729436765, -0.0003773582322879673, 0.00041793873761945783, 72489000000, 
0.0019408574279885524, -0.0006351156924779838, 0.0004056326862104843, 72591000000, 
0.001934178473929799, -0.00026020751835655374, 0.0003924851087570078, 72659000000, 
0.0018521340676265628, -0.0002957445345399652, 0.00038181133130299423, 72761000000, 
0.0018046657899911933, -0.00043170894646201883, 0.000372731888769837, 72863000000, 
0.0018298597353114227, -7.424777438380037e-05, 0.00036577730619527857, 72931000000, 
0.001764788631997155, -0.0001329238599801281, 0.00035995427715331804, 73033000000, 
0.001699430588326123, -0.0004347638232843321, 0.0003529385970423134, 73101000000, 
0.0016492183726465016, -0.0003852341978355111, 0.0003408958395313186, 73169000000, 
0.0015734715427142129, -0.00041986348537303406, 0.0003281413669124558, 73271000000, 
0.001486138291890349, -0.0005436002691871751, 0.0003139218804834042, 73373000000, 
0.0014312315575143364, -0.0004741332839995883, 0.0002993894261412599, 73441000000, 
0.0013681956987230918, -0.00039314197722419095, 0.0002857043698751852, 73543000000, 
0.0013251328191280728, -0.0003536624612875453, 0.00027497067169103345, 73611000000, 
0.0012729386081138587, -0.00031752363536411023, 0.0002644178083976683, 73713000000, 
0.0012361129366065449, -0.00029673294173842646, 0.00025561229092323174, 73815000000, 
0.0012101840701058092, -0.00020918179336016501, 0.0002479490409884142, 73883000000, 
0.001175735890040093, -0.0002012568218881726, 0.00024146885978349646, 73985000000, 
0.0011546115968365143, -0.0001852415775643163, 0.0002360354371321611, 74053000000, 
0.0011255017696192604, -0.0001674470680694424, 0.00023038995043305786, 74155000000, 
0.0010995758217087668, -0.00018345258375915838, 0.00022531261254430277, 74257000000, 
0.0010808915320389793, -0.00014870079193427007, 0.00022039794155780042, 74325000000, 
0.0010593476946264319, -0.00013409375694111632, 0.00021598766989161186, 74427000000, 
0.0010415427103147993, -0.00013116273908060018, 0.0002121187957986807, 74529000000, 
0.0010293346508788472, -0.00010004347915861574, 0.0002086816703880052, 74631000000, 
0.0010261858916372254, -5.118939559191291e-05, 0.00020647088352205816, 74699000000, 
0.0010248613240631712, -1.4911089385586437e-05, 0.00020535879110528295, 74801000000, 
0.0010287185916270506, 8.442333299417288e-06, 0.00020531772048849647, 74869000000, 
0.0010434396879468485, 6.19278796122577e-05, 0.0002064679735758047, 74971000000, 
0.00011595907248272203, -0.003042531730481095, 0.00014587449013710808, 75073000000, 
6.105217765761353e-05, -0.00327462503429745, 8.136339587247894e-05, 75141000000, 
-2.4950347484538143e-05, -0.00046969806655753395, 1.0137393510386494e-05, 75243000000, 
-0.00011672094909254707, -0.000592577089167202, -5.37460792796478e-06, 75345000000, 
-0.0001831576583646937, -0.0005273577029338519, -2.165526366278526e-05, 75413000000, 
1.35598837640099e-06, 0.00039358979156316025, -1.9901507938722653e-05, 75515000000, 
0.00015829433610274016, 0.0011381733148914462, -1.5671555923701691e-06, 75617000000, 
0.0001355252282878849, 0.0004472307997049464, 1.9678370184468403e-05, 75685000000, 
0.00020243574196832483, 0.0001471380195519489, 3.308368709059665e-05, 75787000000, 
0.0002534626754936061, 0.00039312482401907076, 3.942824304998772e-05, 75889000000, 
0.00022914420166624433, 8.902819899306502e-05, 4.566950794187835e-05, 75957000000, 
0.00015659298885823124, -0.0003228989554512496, 4.261332440120545e-05, 76059000000, 
0.0001353775646337155, -0.00031255545677509616, 3.474098367721273e-05, 76161000000, 
0.0001143902760912843, -0.00014067570922315648, 2.70907219722154e-05, 76263000000, 
8.238813638101518e-05, -0.00017663142750900106, 2.2143731807067664e-05, 76331000000, 
6.996871968936307e-05, -0.00014807185467307076, 1.7783142144110836e-05, 76433000000, 
8.507256014247212e-05, 8.948079204856483e-06, 1.5828627747523357e-05, 76535000000, 
9.567399399301822e-05, 8.56842476788505e-05, 1.671435158832356e-05, 76603000000, 
0.00010180221131716484, 5.576550391564241e-05, 1.8836584363510344e-05, 76705000000, 
0.00011544745933939375, 6.59115511545851e-05, 2.086157764330512e-05, 76807000000, 
0.00012531787399726872, 7.838554226701291e-05, 2.2837836310255153e-05, 76875000000, 
0.00012897171537333524, 4.5080853446471665e-05, 2.4649136580666513e-05, 76977000000, 
-0.0002615186395279057, -0.0012894550450839148, -4.819366771534494e-07, 77079000000, 
-0.00028262611832524713, -0.0013719927789952746, -2.7678202831987837e-05, 77181000000, 
-0.00029914257742502106, -0.00012541312632371787, -5.6219155685211594e-05, 77249000000, 
-0.0003261068078063066, -0.00014493563160353155, -6.052503357043832e-05, 77351000000, 
-0.0003321666548152208, -0.00011008025796733253, -6.382773600310324e-05, 77453000000, 
-0.0002488393394656467, 0.0002575582278021996, -6.0474186805811614e-05, 77521000000, 
-0.00016795277305592924, 0.0005473796058643052, -4.993058448911979e-05, 77623000000, 
-0.0001526317285587588, 0.00032069203635629306, -3.7961589405355656e-05, 77725000000, 
-0.00012556884188054005, 0.00014127977058463062, -2.9743556233015207e-05, 77827000000, 
-0.00010924515622439364, 0.00014462190778121724, -2.582971511091283e-05, 77895000000, 
-0.00011631209872567548, 3.085581051621524e-05, -2.3408406455373946e-05, 77997000000, 
-0.00014372531200600766, -0.00011493385260538006, -2.4618837797071786e-05, 78099000000, 
-0.0001517374621894326, -0.0001180845448791904, -2.745165819474105e-05, 78167000000, 
-0.00015758834120233202, -4.621009732108122e-05, -3.0203407693184817e-05, 78269000000, 
-0.00016533928466540716, -4.5339408253248516e-05, -3.164433920381145e-05, 78337000000, 
-0.00016656851938849702, -2.9933927287216667e-05, -3.263307635041574e-05, 78439000000, 
-0.00015709461651710894, 2.748222716099405e-05, -3.2600161371400874e-05, 78541000000, 
-0.0001518530637600752, 4.905151876140605e-05, -3.1701079977712075e-05, 78609000000, 
-0.00014618007558838311, 3.638180309575276e-05, -3.0341850391037817e-05, 78711000000, 
-0.000141420054363612, 3.4776697988210646e-05, -2.9296879580804685e-05, 78779000000, 
-0.00013699486404952912, 3.061737179617998e-05, -2.830633293343495e-05, 78881000000, 
-0.00013777372952742002, 1.2154416120639959e-05, -2.774590986270408e-05, 78983000000, 
-0.0001395619970284064, -8.557109929590968e-06, -2.762203937369037e-05, 79085000000, 
-0.00013534744985523655, 8.087598907278255e-06, -2.7512211760737533e-05, 79153000000, 
-0.00013013559954064326, 3.1421324959210504e-05, -2.7003003094952414e-05, 79255000000, 
-0.00012472500799631833, 3.540813952972741e-05, -2.601387049281321e-05, 79357000000, 
-0.00012011853940093767, 3.3390200465685295e-05, -2.499860979585995e-05, 79425000000, 
-0.00011233672270171059, 4.129428431535913e-05, -2.3812018006597774e-05, 79527000000, 
-0.00010615426473208097, 4.654758222952233e-05, -2.257396845564861e-05, 79629000000, 
-0.0001016390227834239, 3.565899972762227e-05, -2.1342000681147697e-05, 79731000000, 
-9.906452435479872e-05, 2.363246792427418e-05, -2.0457187458020238e-05, 79799000000, 
-9.523244795336867e-05, 2.1355249433517462e-05, -1.9729066339439422e-05, 79901000000, 
-9.362033436375923e-05, 1.814729997013162e-05, -1.9194487111461775e-05, 79969000000, 
-9.180328505564051e-05, 1.1430542992427181e-05, -1.8710404491517892e-05, 80071000000, 
-8.96743471583845e-05, 1.315329068458243e-05, -1.833986443851895e-05, 80173000000, 
-8.799285137723574e-05, 1.270144559468257e-05, -1.7964698906084048e-05, 80241000000, 
-8.603097803508929e-05, 1.214456374431736e-05, -1.75798784380473e-05, 80343000000, 
-8.473435104902041e-05, 1.0861667760717764e-05, -1.7250545364089696e-05, 80411000000, 
-8.268703313383051e-05, 1.1146483004195948e-05, -1.689682414786268e-05, 80513000000, 
-8.123432455856138e-05, 1.1666754968196757e-05, -1.657704724942749e-05, 80615000000, 
-8.046387511810487e-05, 7.410526719085451e-06, -1.6292348854033117e-05, 80683000000, 
-7.972892155176726e-05, 5.0180100226470715e-06, -1.60951414152289e-05, 80785000000, 
-7.954071729588331e-05, 3.0771927407385465e-06, -1.5982234264383696e-05, 80887000000, 
-8.01404594592117e-05, -1.3717930248147903e-06, -1.5960673220457486e-05, 80989000000, 
-1.4925252606757394e-05, 0.00021538488229708638, -1.1640428624123492e-05, 81057000000, 
-8.681667630720304e-06, 0.000238195972761638, -6.916491979779293e-06, 81159000000, 
-2.14306306571418e-06, 4.260729847014404e-05, -1.7166655535461252e-06, 81261000000, 
4.756130844006081e-06, 4.4792661582421287e-05, -4.045733234952269e-07, 81363000000, 
6.39671450324092e-06, 2.8465925229850332e-05, 6.006521521021881e-07, 81431000000, 
-7.599815824992227e-06, -4.1186488896661024e-05, 2.3686863481698485e-07, 81533000000, 
-2.0754087425085822e-05, -9.050267309442248e-05, -1.4638125831224753e-06, 81635000000, 
-2.277900579935942e-05, -5.05972999145573e-05, -3.4088606032958313e-06, 81737000000, 
-2.4478536726010263e-05, -1.2414831003081472e-05, -4.534108663363701e-06, 81805000000, 
-2.6997623768801764e-05, -1.4062059898141148e-05, -4.950344419611429e-06, 81907000000, 
-2.3510251466929013e-05, 3.227617530270835e-06, -4.999094130782735e-06, 82009000000, 
-1.794854553184761e-05, 3.0163594123180516e-05, -4.5637613845052254e-06, 82077000000, 
-1.4386123127078697e-05, 3.041376113283439e-05, -3.722994675057021e-06, 82179000000, 
-1.2240471411630595e-05, 1.9026913734056714e-05, -2.9716760047037934e-06, 82281000000, 
-1.0317089259972961e-05, 1.3563446223685786e-05, -2.4629122532454837e-06, 82349000000, 
-9.211957531246527e-06, 1.0095046267946896e-05, -2.1179678801900054e-06, 82451000000, 
-9.993320578630405e-06, 1.079228937808522e-06, -1.9681578246566593e-06, 82519000000, 
-1.0926464212279886e-05, -5.715022270111199e-06, -2.0087828214771214e-06, 82621000000, 
-1.1358458492571802e-05, -4.550459713137991e-06, -2.151882885565473e-06, 82723000000, 
-1.1801620769906153e-05, -2.917188525420887e-06, -2.272436231650523e-06, 82825000000, 
-1.2053155833020866e-05, -2.315657801496881e-06, -2.347549006366588e-06, 82893000000, 
-1.1779884158127395e-05, 7.245537259585696e-08, -2.3756440507369607e-06, 82995000000, 
1.664640551407845e-05, 9.566520449033105e-05, -4.791089651379875e-07, 83097000000, 
1.799855136487496e-05, 9.926145174334119e-05, 1.5243381813884009e-06, 83165000000, 
2.0063374785596486e-05, 1.1389897571726791e-05, 3.647222110969993e-06, 83267000000, 
2.2164589683783692e-05, 1.3886794396362441e-05, 4.015101055617009e-06, 83369000000, 
2.2756971397047758e-05, 8.978655371504239e-06, 4.332329057761862e-06, 83471000000, 
1.6877406850249767e-05, -1.7623942778446417e-05, 4.1199311954054144e-06, 83539000000, 
1.1372424382470884e-05, -3.7948490048589574e-05, 3.400453508651227e-06, 83641000000, 
1.0424117955317589e-05, -2.1510962983107256e-05, 2.5782632792025495e-06, 83743000000, 
8.619793797130797e-06, -9.175435284466957e-06, 2.0277557423279513e-06, 83845000000, 
7.662408572902475e-06, -9.205697941383713e-06, 1.7804213550233906e-06, 83913000000, 
8.48682482159812e-06, -4.43229918442254e-07, 1.6512684794420928e-06, 84015000000, 
1.0398482302090876e-05, 9.120245763961337e-06, 1.769847713106098e-06, 84083000000, 
1.1485350840539969e-05, 9.995086729806161e-06, 2.0247105309485974e-06, 84185000000, 
1.2242164763021039e-05, 6.145608203100542e-06, 2.275066527043459e-06, 84287000000, 
1.3001268817046425e-05, 5.053059921688188e-06, 2.4485856280404955e-06, 84355000000, 
1.336950424946922e-05, 3.757798288160603e-06, 2.574195855302446e-06, 84457000000, 
1.3091492621359553e-05, 3.0074601437709233e-07, 2.630817712525013e-06, 84559000000, 
1.2834025672440305e-05, -1.7849285900963835e-06, 2.6196681695512716e-06, 84661000000, 
1.2840799308956482e-05, -8.356443746769036e-07, 2.5844211735170893e-06, 84763000000, 
1.2914614772493418e-05, 2.686303335103758e-07, 2.5726293169260135e-06, 84831000000, 
1.3195582385694437e-05, 1.1826102557931834e-06, 2.5967330978096226e-06, 84933000000, 
1.3686203760941836e-05, 2.571963294828061e-06, 2.653093394608646e-06, 85001000000, 
8.965839979663035e-06, -1.4099141353438008e-05, 2.3898417417532872e-06, 85103000000, 
8.385536657416782e-06, -1.7668890345083515e-05, 2.0691720265347768e-06, 85205000000, 
7.939600999009492e-06, -3.4207966021784754e-06, 1.6860651757392872e-06, 85273000000, 
7.18951688460556e-06, -3.986732576037405e-06, 1.567643636068789e-06, 85375000000, 
6.5526737025458844e-06, -4.623090988212025e-06, 1.445452772410729e-06, 85477000000, 
7.199952785771931e-06, 3.47863372212348e-08, 1.396142891528225e-06, 85545000000, 
7.872756198687036e-06, 4.400274987137172e-06, 1.4416921791336567e-06, 85647000000, 
7.83309711170247e-06, 2.1104810864351303e-06, 1.5270537397440957e-06, 85749000000, 
8.029177785971097e-06, 5.214052909468712e-07, 1.5823354064240401e-06, 85851000000, 
8.347975504974973e-06, 1.716261310908346e-06, 1.6140166935099026e-06, 85953000000, 
8.180891327178402e-06, 5.057118040243501e-07, 1.6372029745416316e-06, 86055000000, 
8.057569705527361e-06, -9.680193314920406e-07, 1.6390957691787158e-06, 86123000000, 
8.026500767749196e-06, -5.14635198097353e-07, 1.6176641200303304e-06, 86225000000, 
8.058511138883802e-06, 3.138111188136349e-09, 1.6095054408106906e-06, 86327000000, 
8.061024864334846e-06, 1.150803219521639e-07, 1.6097357847311896e-06, 86429000000, 
8.154707673051151e-06, 3.206551138911622e-07, 1.61828291175132e-06, 86497000000, 
8.41943976766906e-06, 1.19471634444738e-06, 1.6423448203370036e-06, 86599000000, 
8.750944557427553e-06, 1.987456281254673e-06, 1.6883394665431842e-06, 86701000000, 
9.160272121864342e-06, 2.469441180650942e-06, 1.7553770964640636e-06, 86803000000, 
9.531236522105906e-06, 2.6009732155945105e-06, 1.8294968800931869e-06, 86871000000, 
1.0170017417740269e-05, 3.3658176529197546e-06, 1.924101737447368e-06, 86973000000, 
-1.1812565846440755e-06, -3.570831035583326e-05, 1.2346664903468066e-06, 87075000000, 
-1.9376234112949354e-06, -4.035880276345067e-05, 4.700758281200839e-07, 87177000000, 
-2.8078535323524286e-06, -5.421989825694511e-06, -3.951155685527626e-07, 87279000000, 
-3.4139644345080777e-06, -4.921136744043807e-06, -5.439627585436961e-07, 87347000000, 
-3.876608547742029e-06, -3.562516717965334e-06, -6.732284343068357e-07, 87449000000, 
-1.0928972795986686e-06, 7.736890516364696e-06, -5.58898017456585e-07, 87551000000, 
1.0360331233234098e-06, 1.6375472236884798e-05, -2.622315136011525e-07, 87619000000, 
1.6522404039789856e-06, 9.150458945258849e-06, 1.0635841651358178e-07, 87721000000, 
2.6209167257501546e-06, 5.282945341422483e-06, 3.5394601687017e-07, 87823000000, 
3.352716379740357e-06, 5.6682532525379056e-06, 5.083915672979665e-07, 87891000000, 
3.303913293932677e-06, 2.2766552272750744e-06, 6.185030932948793e-07, 87993000000, 
2.723919724083833e-06, -2.095988852188414e-06, 6.253699598504578e-07, 88095000000, 
2.7436337601981946e-06, -1.8675984457816078e-06, 5.847644518809803e-07, 88163000000, 
2.627997039817901e-06, -3.1974228088643945e-07, 5.397033682733286e-07, 88265000000, 
2.4392577802953505e-06, -1.0145865996761472e-06, 5.207259053540964e-07, 88367000000, 
2.5733794585959635e-06, -1.8205860407312488e-07, 5.093756185806143e-07, 88469000000, 
2.920565635922066e-06, 1.6043595187557187e-06, 5.288801916542253e-07, 88537000000, 
3.1667583439033404e-06, 1.9779296176912563e-06, 5.773802292280913e-07, 88605000000, 
3.448379124919704e-06, 1.7593782966587933e-06, 6.357135403163406e-07, 88673000000, 
3.934685851405423e-06, 2.559758358340276e-06, 7.033215546818979e-07, 88775000000, 
4.334096300445182e-06, 2.952390585084927e-06, 7.811440851180207e-07, 88843000000, 
4.898379005089766e-06, 3.212310512281144e-06, 8.778107437960247e-07, 88945000000, 
-3.834987561207283e-06, -2.7230279538841556e-05, 3.59832516288511e-07, 89047000000, 
-4.1962477642458655e-06, -3.031542256445211e-05, -2.088570880242255e-07, 89149000000, 
-4.5224336996970485e-06, -2.2914871282992177e-06, -8.369112683433465e-07, 89217000000, 
-5.062226679732777e-06, -2.886596384956372e-06, -9.187272095783794e-07, 89319000000, 
-5.2323006695604026e-06, -2.366223232877847e-06, -9.877974032660152e-07, 89421000000, 
-2.899858544949826e-06, 7.207893782609836e-06, -8.79625726282867e-07, 89523000000, 
-1.4677913005575323e-06, 1.25483645633429e-05, -6.399967010045173e-07, 89591000000, 
-1.0587912503537813e-06, 6.136890981986815e-06, -3.6176273972407596e-07, 89693000000, 
-3.514162972764714e-07, 3.7212500109368697e-06, -1.9186658987918565e-07, 89795000000, 
3.519718485007986e-07, 4.7025436628486e-06, -7.054904660863027e-08, 89897000000, 
1.796078121843634e-07, 1.7700803648694494e-06, 1.2010890893912708e-08, 89965000000, 
-1.587476835318589e-07, -1.7023984401088584e-06, 2.4855465143553542e-08, 90067000000, 
-1.1329540266525913e-07, -9.763440494987418e-07, -6.162351600850308e-09, 90169000000, 
1.4830380258516927e-08, 5.785935459679194e-07, -1.7147513729240075e-08, 90237000000, 
1.3291134154138575e-08, 4.219551227313257e-07, -5.678259216840242e-09, 90339000000, 
2.960734255577772e-07, 9.374768176642009e-07, 2.1612995998028847e-08, 90441000000, 
6.824071498837849e-07, 2.230386719098821e-06, 6.611811397304671e-08, 90509000000, 
1.1216109813000761e-06, 2.7517918524743297e-06, 1.4000610378277588e-07, 90611000000, 
1.3978069108073023e-06, 2.384665869745058e-06, 2.1345500279941088e-07, 90679000000, 
1.88688881181321e-06, 2.550926101710446e-06, 2.9375378026137255e-07, 90781000000, 
2.410695186800059e-06, 3.376294253309188e-06, 3.796927272947047e-07, 90883000000, 
2.8999924850285932e-06, 3.3770122440512777e-06, 4.798384322427908e-07, 90985000000, 
-3.633850697619401e-06, -2.0148486281398196e-05, 1.1178913161395006e-07, 91053000000, 
-3.843259769202783e-06, -2.2477507514104586e-05, -3.051411987862394e-07, 91155000000, 
-4.132084600046446e-06, -1.6607796747568163e-06, -7.73946337791242e-07, 91257000000, 
-4.524796525603351e-06, -2.271789188001893e-06, -8.333427263235054e-07, 91359000000, 
-4.462231219678946e-06, -1.1004887321083337e-06, -8.746074896885829e-07, 91427000000, 
-2.620914355414774e-06, 6.34627390062859e-06, -7.738628067131381e-07, 91529000000, 
-9.229933244296225e-07, 1.1797459650831078e-05, -5.337425933015562e-07, 91631000000, 
-4.1659556327628485e-07, 7.347729307128298e-06, -2.6403354954137875e-07, 91733000000, 
-1.662529509407565e-08, 3.021226764451823e-06, -9.04142788533322e-08, 91801000000, 
5.856235114099235e-07, 3.3407302489540277e-06, 1.01601768693042e-08, 91903000000, 
5.70093659978527e-07, 1.955729850242009e-06, 7.593945841962499e-08, 92005000000, 
1.7870091905189022e-07, -1.3564086411934443e-06, 8.896120602935605e-08, 92073000000, 
1.532838498092477e-07, -1.3893660338975978e-06, 6.013856192264433e-08, 92175000000, 
2.9608948954165205e-07, 3.9129523496587277e-07, 4.187161722685266e-08, 92277000000, 
3.5473980165388575e-07, 6.715198394821268e-07, 5.3607542733652365e-08, 92345000000, 
5.799969645398683e-07, 9.463582499940541e-07, 8.205508371569374e-08, 92447000000, 
1.071758382576054e-06, 2.390061936407228e-06, 1.3376634325132053e-07, 92549000000, 
1.5813511121752116e-06, 3.337847158784478e-06, 2.1554043061940892e-07, 92651000000, 
2.011399596857972e-06, 3.132137380939727e-06, 3.109672727739492e-07, 92753000000, 
2.3360577690348825e-06, 2.515688856198903e-06, 3.9525389853787106e-07, 92821000000, 
2.8744417750639548e-06, 2.876807260686609e-06, 4.814599427304539e-07, 92923000000, 
3.3778440295118455e-06, 3.4726208682565433e-06, 5.725562382407122e-07, 93025000000, 
-3.000166852428055e-06, -1.9582028758306696e-05, 2.16807930143183e-07, 93127000000, 
-3.197218623151831e-06, -2.191687550887892e-05, -1.8796942973786935e-07, 93195000000, 
-3.4788473199535074e-06, -1.5956015584181746e-06, -6.450821863688928e-07, 93297000000, 
-3.7294125723309427e-06, -1.7739798305970388e-06, -6.93698567695752e-07, 93365000000, 
-4.1708693134804e-06, -2.306739978422975e-06, -7.586086137176566e-07, 93467000000, 
-2.509949982647893e-06, 4.064875298943498e-06, -6.940154578972823e-07, 93569000000, 
-1.0695595178064193e-06, 1.0337699318913268e-05, -5.166919209289808e-07, 93671000000, 
-6.916018163766617e-07, 6.061160554237438e-06, -2.8474075445539824e-07, 93773000000, 
-3.281615201304785e-07, 2.4713266589198027e-06, -1.3928819028757062e-07, 93841000000, 
3.5126220630277134e-07, 3.4762134089314434e-06, -4.4566742013624586e-08, 93943000000, 
4.3888278151089496e-07, 2.5568143388045783e-06, 3.0798897845545855e-08, 94045000000, 
1.2373022528511217e-07, -7.584399367255306e-07, 6.092501420658523e-08, 94113000000, 
1.5243779400534996e-07, -9.548166250184833e-07, 4.767005338675714e-08, 94215000000, 
2.978634325570263e-07, 5.804440242397137e-07, 3.8268763456499226e-08, 94283000000, 
3.5750816779027925e-07, 6.83567912616431e-07, 5.3853959623510366e-08, 94385000000, 
5.986054840962141e-07, 1.002473505130626e-06, 8.359847229623464e-08, 94487000000, 
9.523961464729694e-07, 1.9829599289423007e-06, 1.272339865572975e-07, 94555000000, 
1.4115745005162416e-06, 2.7098967214000917e-06, 1.97505075405695e-07, 94657000000, 
1.8514320328861285e-06, 2.9967862880438637e-06, 2.8102684532502265e-07, 94759000000, 
2.185502471348299e-06, 2.5797599027735243e-06, 3.632339336500446e-07, 94827000000, 
2.700079772265237e-06, 2.8288257979303617e-06, 4.491342850999776e-07, 94929000000, 
-2.647724577503947e-06, -1.6110756829507485e-05, 1.4919051107397258e-07, 95031000000, 
-2.8016850530825058e-06, -1.8339216084492474e-05, -1.8328865722141438e-07, 95099000000, 
-3.0562568934273363e-06, -1.3617743864112973e-06, -5.670444349342526e-07, 95201000000, 
-3.3289016888235585e-06, -1.757388785803509e-06, -6.1245624235556e-07, 95303000000, 
-3.5599111110861765e-06, -1.678847392196134e-06, -6.630046462224715e-07, 95371000000, 
-2.1421514733292197e-06, 3.955834051647796e-06, -6.02064284882597e-07, 95473000000, 
-8.761658119190824e-07, 8.945817663890314e-06, -4.3854855975563193e-07, 95575000000, 
-7.86542089636149e-07, 4.51869794564357e-06, -2.536572916589634e-07, 95643000000, 
-1.3625760638144226e-07, 2.466360685125467e-06, -1.199310338624449e-07, 95745000000, 
4.420717870019412e-07, 4.095379588793633e-06, -3.204852726771e-08, 95847000000, 
5.058172879562553e-07, 2.1402496477923253e-06, 5.410876457178362e-08, 95949000000, 
2.557608887364195e-07, -6.21036327551739e-07, 8.02433309129744e-08, 96017000000, 
3.678814404941818e-07, -4.5978615820691173e-07, 7.52973078124571e-08, 96119000000, 
4.826331161345543e-07, 7.562407579937826e-07, 7.375169635767703e-08, 96187000000, 
4.981200130644169e-07, 4.341285752341169e-07, 8.990897131287686e-08, 96289000000, 
7.064247047583176e-07, 7.459719620792113e-07, 1.1247852226381925e-07, 96391000000, 
1.119922225940196e-06, 2.0726740429192643e-06, 1.549644629175287e-07, 96493000000, 
1.5080113804573944e-06, 2.671955585663589e-06, 2.2229055407706053e-07, 96595000000, 
1.7594998004473875e-06, 2.1319252483573047e-06, 2.9249556045633185e-07, 96663000000, 
2.232981289294321e-06, 2.416566362789755e-06, 3.6669949801327354e-07, 96765000000, 
2.7197408283353648e-06, 3.2008034262932575e-06, 4.474814612051382e-07, 96867000000, 
3.2122749859429128e-06, 3.264312322161973e-06, 5.443331402381732e-07, 96969000000, 
-2.616866289491507e-06, -1.778869039275624e-05, 2.2100996831911803e-07, 97037000000, 
-2.8382951250901506e-06, -2.0168567036776878e-05, -1.4952576190924965e-07, 97139000000, 
-3.1159821220389373e-06, -1.6637194418247682e-06, -5.714095691080396e-07, 97241000000, 
-3.366690538655904e-06, -1.7613180452191777e-06, -6.213978523856661e-07, 97309000000, 
-3.4564990456838657e-06, -1.1350564121497614e-06, -6.626114470919138e-07, 97411000000, 
-1.8223148290291161e-06, 5.147919032089292e-06, -5.76366960891259e-07, 97513000000, 
-2.6879856546879256e-07, 1.0625668267383576e-05, -3.698408293454516e-07, 97615000000, 
-1.1894130159778888e-07, 5.677911758104423e-06, -1.4733697973971318e-07, 97683000000, 
5.451957753473173e-07, 2.713314469387033e-06, 1.0497060552049057e-08, 97785000000, 
1.0099368672698116e-06, 3.762927229558668e-06, 9.574608940128933e-08, 97853000000, 
1.0473128170742665e-06, 1.673723472423164e-06, 1.7349636397942637e-07, 97921000000, 
1.102024480116675e-06, 3.069587094895448e-07, 2.1061827763071687e-07, 97989000000, 
8.892716955502813e-07, -5.268037384132839e-07, 2.0257393284941485e-07, 98091000000, 
9.143476451917808e-07, -6.255894497496476e-07, 1.9370958805724915e-07, 98193000000, 
9.54446962400082e-07, 2.1725088949933573e-07, 1.8387108687614294e-07, 98261000000, 
1.1667372871257984e-06, 8.412988064467255e-07, 2.023687929811774e-07, 98363000000, 
1.4675779538632842e-06, 1.710436638210674e-06, 2.3925081355927766e-07, 98465000000, 
1.7523441101170103e-06, 1.9520227433040396e-06, 2.924439567404062e-07, 98533000000, 
2.222766402737876e-06, 2.517294829581972e-06, 3.6284589778121133e-07, 98635000000, 
2.6808437935888706e-06, 3.094998944906201e-06, 4.437302870962504e-07, 98737000000, 
2.9974688556009613e-06, 2.582341509543618e-06, 5.267386034618472e-07, 98805000000, 
3.4773618124896248e-06, 2.655060063002514e-06, 6.103782974452971e-07, 98907000000, 
4.011553142833601e-06, 3.3802809574421325e-06, 6.990922540616125e-07, 99009000000, 
-2.500965063406425e-06, -1.9927756252986832e-05, 3.325299927944534e-07, 99077000000, 
-2.8962574559055477e-06, -2.3026035329130496e-05, -9.237795843189143e-08, 99179000000, 
-3.012424518836861e-06, -1.7048648514347865e-06, -5.60643135876589e-07, 99281000000, 
-3.1691420723299507e-06, -9.096153880813432e-07, -6.051882698048239e-07, 99383000000, 
-3.645933033084051e-06, -2.111695047490634e-06, -6.551666416167242e-07, 99485000000, 
-1.991951536896422e-06, 3.923968451445096e-06, -5.871351094873615e-07, 99553000000, 
-2.3614561418563175e-07, 1.136595806299473e-05, -3.9160201227774034e-07, 99655000000, 
-4.418264184477963e-07, 5.167083728162084e-06, -1.7799490463532333e-07, 99723000000, 
2.4558746867285046e-07, 1.6057769428616074e-06, -2.882563759737184e-08, 99825000000, 
7.301849586388865e-07, 3.9067045902889426e-06, 3.559640059092938e-08, 99927000000, 
8.661959834546913e-07, 2.068695049272803e-06, 1.2279789405109522e-07, 100029000000, 
3.0221740813145177e-07, -1.4265585016914492e-06, 1.265732233483353e-07, 100097000000, 
3.858038242358691e-07, -1.601307197396074e-06, 1.0361448105480081e-07, 100199000000, 
6.917775765705697e-07, 1.2985338947970598e-06, 9.198658726252604e-08, 100301000000, 
4.3547387832113624e-07, 1.6556684695089045e-07, 1.0087035194183833e-07, 100369000000, 
5.0283153043e-07, -6.298201538018992e-07, 1.0867219902144706e-07, 100471000000, 
1.0095227210323532e-06, 1.913496142370723e-06, 1.2985520865223263e-07, 100573000000, 
1.1693511026807452e-06, 2.221731907502484e-06, 1.7878035694287323e-07, 100641000000, 
1.2388239323238663e-06, 7.643373709717102e-07, 2.2784651706913097e-07, 100743000000, 
1.711941596024786e-06, 1.8086349778134695e-06, 2.746744420686265e-07, 100845000000, 
2.2306712479951664e-06, 3.3061577189043334e-06, 3.4542911842292124e-07, 100947000000, 
2.0773451793550755e-06, 1.2180119444342979e-06, 4.013305348916685e-07, 101015000000, 
2.30784520082171e-06, 2.5724650942181155e-07, 4.410574418781301e-07, 101117000000, 
2.7509137570224295e-06, 2.2452285922245134e-06, 4.75740275813281e-07, 101219000000, 
2.6533948827617915e-06, 1.1518322731336055e-06, 5.141435893737287e-07, 101287000000, 
2.6074892176788454e-06, -4.780817978119468e-07, 5.341198571642044e-07, 101389000000, 
2.958520398510517e-06, 1.017085052495752e-06, 5.479602999300769e-07, 101491000000, 
3.392490940059924e-06, 2.616672407936929e-06, 5.972333704166191e-07, 101593000000, 
-3.393003238809466e-06, -2.1171745457733277e-05, 1.9720053998406503e-07, 101661000000, 
-3.4715443459045837e-06, -2.288011761988169e-05, -2.3147044297694169e-07, 101763000000, 
-3.469036240206285e-06, -2.534433379893974e-07, -6.889055883280223e-07, 101865000000, 
-3.873171066615772e-06, -1.3387557357039613e-06, -7.209167768484428e-07, 101967000000, 
-3.964961792032935e-06, -1.6530851727554993e-06, -7.538112732569994e-07, 102035000000, 
-1.97906968460906e-06, 6.313671273355707e-06, -6.544801695505177e-07, 102137000000, 
-1.971710538495117e-07, 1.2559302460611411e-05, -4.094135020327671e-07, 102239000000, 
-3.9602592947838815e-07, 5.276812517102239e-06, -1.7148444452913065e-07, 102307000000, 
1.2221857435677547e-07, 1.0646320940209572e-06, -3.1398560598074957e-08, 102409000000, 
7.225014365516188e-07, 3.7284245534333562e-06, 2.9912938762000406e-08, 102511000000, 
5.971184590531118e-07, 1.5829996156544546e-06, 9.61225646641004e-08, 102613000000, 
-1.075772216772671e-07, -2.7669288607629524e-06, 8.080284492849756e-08, 102681000000, 
-1.541213617237183e-07, -2.504132735922767e-06, 2.2361325043475096e-08, 102783000000, 
-1.521348993964625e-08, 3.078791057920695e-07, -1.8460804889375445e-08, 102885000000, 
-3.106371410988445e-07, -5.21719264583754e-07, -3.199813285081394e-08, 102953000000, 
-3.291634672388225e-07, -1.0464999243305876e-06, -4.3667606551820886e-08, 103055000000, 
9.430824969138964e-08, 1.3498179693007804e-06, -3.636615724308516e-08, 103157000000, 
4.6004543342775566e-07, 2.6306963355552606e-06, 1.5012681058688184e-08, 103259000000, 
3.3402650742056394e-07, 7.990608590972476e-07, 5.9225346035980617e-08, 103361000000, 
5.6917704371169e-07, 3.637720342797813e-07, 9.088326563733397e-08, 103429000000, 
8.487514372133534e-07, 1.7157497659759646e-06, 1.1679699922304048e-07, 103531000000, 
7.789847850714208e-07, 6.993591378657692e-07, 1.4646088439976427e-07, 103633000000, 
6.887287524221595e-07, -5.334089493039795e-07, 1.5443099831379557e-07, 103701000000, 
6.785826928124647e-07, -3.346736408631869e-07, 1.4308641535373632e-07, 103803000000, 
7.682398462039711e-07, 2.650369792727052e-07, 1.4237008609590636e-07, 103905000000, 
6.484674372057445e-07, -1.0038418535573425e-07, 1.39685998414812e-07, 103973000000, 
6.231284336821463e-07, -4.837047084060827e-07, 1.3598904780612411e-07, 104075000000, 
8.366770587390222e-07, 6.273654051109259e-07, 1.405515286417942e-07, 104177000000, 
1.0209041639523443e-06, 1.3259191009006602e-06, 1.653806437582342e-07, 104279000000, 
8.52898189324799e-07, 5.407043528592266e-08, 1.8069862746774437e-07, 104347000000, 
1.0409874584483319e-06, 6.694431498662515e-08, 1.9431932078169834e-07, 104449000000, 
1.2324590129698193e-06, 1.265202745483401e-06, 2.0842297738286335e-07, 104551000000, 
1.1686340223054986e-06, 4.2548854619055573e-07, 2.2947203291490997e-07, 104653000000, 
1.0636705288806224e-06, -5.626282802973231e-07, 2.3098423761039601e-07, 104721000000, 
1.2042852461054138e-06, 1.1883741266638391e-07, 2.2910598648610232e-07, 104823000000, 
1.2954774223400365e-06, 7.726896448647138e-07, 2.375622131550715e-07, 104925000000, 
1.1768182323195224e-06, -9.155671261963798e-08, 2.4510539338433153e-07, 105027000000, 
1.145749507917811e-06, -4.990930480740848e-07, 2.4120301083849134e-07, 105095000000, 
1.253055667972743e-06, 2.5412478551073513e-07, 2.3837489388067175e-07, 105163000000, 
1.2480316285309733e-06, 3.4094040204387425e-07, 2.431224536281018e-07, 105265000000, 
1.3536081340049578e-06, 3.3517488677404956e-07, 2.569796953672449e-07, 105333000000, 
1.3335890862624022e-06, 2.851915257714295e-07, 2.623485899198889e-07, 105435000000, 
1.2775468665926296e-06, -2.535375580410941e-07, 2.643162724573326e-07, 105503000000, 
1.2984285935374305e-06, -1.1720164241657208e-07, 2.606376364261641e-07, 105605000000, 
1.360707511952233e-06, 2.7720215119867787e-07, 2.6244553147215285e-07, 105707000000, 
1.3895017962643015e-06, 3.0357734242290334e-07, 2.6990919345026434e-07, 105775000000, 
1.3870093370976797e-06, 8.767275048482267e-08, 2.7581457635428096e-07, 105877000000, 
1.4260910917851985e-06, 1.219643184029897e-07, 2.8017348167647866e-07, 105945000000, 
1.4648526391650359e-06, 2.594776735578538e-07, 2.851968712031943e-07, 106047000000, 
1.5582145418934706e-06, 4.4041150036090703e-07, 2.9661055152291367e-07, 106115000000, 
1.5143929744419348e-06, 1.6513445092299628e-07, 3.024973437000294e-07, 106217000000, 
1.503685123139791e-06, -1.81764729178932e-07, 3.050861759650131e-07, 106319000000, 
1.5134211044350193e-06, -3.2395666897182997e-09, 3.0209994680111635e-07, 106387000000, 
1.5150788343363206e-06, 3.7979037321765345e-08, 3.021456707940754e-07, 106455000000, 
1.4998246368242203e-06, -4.5321558702663386e-08, 3.01888305039704e-07, 106557000000, 
1.5002096994857778e-06, -4.9563782835142474e-08, 3.010075447097546e-07, 106659000000, 
1.5919651396046308e-06, 3.071350092680351e-07, 3.061332983943086e-07, 106727000000, 
1.544627190530818e-06, 1.48058303483467e-07, 3.091201353080818e-07, 106829000000, 
1.4750722240676632e-06, -3.896430517898919e-07, 3.074443036135408e-07, 106897000000, 
1.5311919887928305e-06, -4.478400579329154e-08, 3.033927602260874e-07, 106999000000, 
1.5332700065632354e-06, 1.9399260831857408e-07, 3.026356146282486e-07, 107101000000, 
1.5664169977934103e-06, 1.174166966685996e-07, 3.087252662099651e-07, 107169000000, 
1.5441444746872482e-06, 3.624822708004239e-08, 3.0958876526959293e-07, 107271000000, 
